-- phpMyAdmin SQL Dump
-- version 3.5.8.1deb1
-- http://www.phpmyadmin.net
--
-- Host: localhost
-- Generation Time: Jul 05, 2013 at 11:49 PM
-- Server version: 5.5.31-0ubuntu0.13.04.1
-- PHP Version: 5.3.14

SET SQL_MODE="NO_AUTO_VALUE_ON_ZERO";
SET time_zone = "+00:00";


/*!40101 SET @OLD_CHARACTER_SET_CLIENT=@@CHARACTER_SET_CLIENT */;
/*!40101 SET @OLD_CHARACTER_SET_RESULTS=@@CHARACTER_SET_RESULTS */;
/*!40101 SET @OLD_COLLATION_CONNECTION=@@COLLATION_CONNECTION */;
/*!40101 SET NAMES utf8 */;

--
-- Database: `sikopawidb`
--

-- --------------------------------------------------------

--
-- Table structure for table `CABANG`
--

CREATE TABLE IF NOT EXISTS `CABANG` (
  `CABANG_ID` int(19) NOT NULL AUTO_INCREMENT,
  `CABANG_NAME` varchar(255) COLLATE utf8_bin NOT NULL,
  `CREATED_DATE` datetime NOT NULL,
  `MODIFIED_DATE` timestamp NOT NULL DEFAULT CURRENT_TIMESTAMP ON UPDATE CURRENT_TIMESTAMP,
  PRIMARY KEY (`CABANG_ID`)
) ENGINE=InnoDB  DEFAULT CHARSET=utf8 COLLATE=utf8_bin AUTO_INCREMENT=6 ;

--
-- Dumping data for table `CABANG`
--

INSERT INTO `CABANG` (`CABANG_ID`, `CABANG_NAME`, `CREATED_DATE`, `MODIFIED_DATE`) VALUES
(4, 'Bandung', '2013-06-19 23:56:25', '2013-06-19 16:56:25'),
(5, 'Jakarta', '2013-06-23 04:54:24', '2013-06-22 21:54:24');

-- --------------------------------------------------------

--
-- Table structure for table `CUSTOMERS`
--

CREATE TABLE IF NOT EXISTS `CUSTOMERS` (
  `CUSTOMERS_ID` int(19) NOT NULL AUTO_INCREMENT,
  `UNIT_KERJA_ID` int(19) NOT NULL,
  `CABANG_ID` int(19) NOT NULL,
  `PAYMENT_POINT_ID` int(19) NOT NULL,
  `CUSTOMERS_NO_REG` varchar(255) COLLATE utf8_bin NOT NULL,
  `CUSTOMERS_NAME` varchar(1255) COLLATE utf8_bin NOT NULL,
  `CUSTOMERS_ADDRESS` text COLLATE utf8_bin NOT NULL,
  `CUSTOMERS_NO_KTP` varchar(45) COLLATE utf8_bin NOT NULL,
  `CUSTOMERS_PHONE` varchar(45) COLLATE utf8_bin DEFAULT NULL,
  `CUSTOMERS_BIRTHDATE` date NOT NULL,
  `CUSTOMERS_NOPEN` varchar(45) COLLATE utf8_bin NOT NULL,
  `CUSTOMERS_COMPANY` varchar(45) COLLATE utf8_bin NOT NULL,
  `CUSTOMERS_COMPANY_ADDRESS` text COLLATE utf8_bin,
  `CUSTOMERS_COMPANY_PHONE` varchar(45) COLLATE utf8_bin DEFAULT NULL,
  `CUSTOMERS_COMPANY_POSITION` varchar(45) COLLATE utf8_bin DEFAULT NULL,
  `CUSTOMERS_REFERENCE_NAME` varchar(45) COLLATE utf8_bin DEFAULT NULL,
  `CUSTOMERS_REFERENCE_ADDRESS` text COLLATE utf8_bin,
  `CUSTOMERS_REFERENCE_PHONE` varchar(45) COLLATE utf8_bin DEFAULT NULL,
  `CUSTOMERS_REFERENCE_STATUS` varchar(45) COLLATE utf8_bin DEFAULT NULL,
  `CREATED_DATE` datetime NOT NULL,
  `MODIFIED_DATE` timestamp NOT NULL DEFAULT CURRENT_TIMESTAMP ON UPDATE CURRENT_TIMESTAMP,
  PRIMARY KEY (`CUSTOMERS_ID`),
  KEY `UNIT_KERJA_ID` (`UNIT_KERJA_ID`),
  KEY `CABANG_ID` (`CABANG_ID`),
  KEY `PAYMENT_POINT_ID` (`PAYMENT_POINT_ID`)
) ENGINE=InnoDB  DEFAULT CHARSET=utf8 COLLATE=utf8_bin AUTO_INCREMENT=18 ;

--
-- Dumping data for table `CUSTOMERS`
--

INSERT INTO `CUSTOMERS` (`CUSTOMERS_ID`, `UNIT_KERJA_ID`, `CABANG_ID`, `PAYMENT_POINT_ID`, `CUSTOMERS_NO_REG`, `CUSTOMERS_NAME`, `CUSTOMERS_ADDRESS`, `CUSTOMERS_NO_KTP`, `CUSTOMERS_PHONE`, `CUSTOMERS_BIRTHDATE`, `CUSTOMERS_NOPEN`, `CUSTOMERS_COMPANY`, `CUSTOMERS_COMPANY_ADDRESS`, `CUSTOMERS_COMPANY_PHONE`, `CUSTOMERS_COMPANY_POSITION`, `CUSTOMERS_REFERENCE_NAME`, `CUSTOMERS_REFERENCE_ADDRESS`, `CUSTOMERS_REFERENCE_PHONE`, `CUSTOMERS_REFERENCE_STATUS`, `CREATED_DATE`, `MODIFIED_DATE`) VALUES
(16, 3, 4, 9, '0000000001', 'Gilang Pratama Putra', 'skldfjksdlf', 'slkdjfkls', 'lksdjfl', '2013-07-02', 'sdf', '', '', '', '', '', '', '', '', '2013-07-04 00:50:32', '2013-07-03 18:27:14'),
(17, 3, 4, 9, '0000000017', 'Aristia Maulidya Stiasari', 'Jl. Aup Barat', '123123123', '08119801010', '2013-07-04', '123123123', '', '', '', '', '', '', '', '', '2013-07-04 18:48:49', '2013-07-04 11:48:49');

-- --------------------------------------------------------

--
-- Stand-in structure for view `CUSTOMER_VIEW`
--
CREATE TABLE IF NOT EXISTS `CUSTOMER_VIEW` (
`CUSTOMERS_ID` int(19)
,`UNIT_KERJA_ID` int(19)
,`UNIT_KERJA_NAME` varchar(255)
,`CABANG_ID` int(19)
,`CABANG_NAME` varchar(255)
,`PAYMENT_POINT_ID` int(19)
,`PAYMENT_POINT_NAME` varchar(255)
,`PAYMENT_POINT_CODE` varchar(50)
,`CUSTOMERS_NO_REG` varchar(255)
,`CUSTOMERS_NAME` varchar(1255)
,`CUSTOMERS_ADDRESS` text
,`CUSTOMERS_NO_KTP` varchar(45)
,`CUSTOMERS_PHONE` varchar(45)
,`CUSTOMERS_BIRTHDATE` date
,`CUSTOMERS_NOPEN` varchar(45)
,`CUSTOMERS_COMPANY` varchar(45)
,`CUSTOMERS_COMPANY_ADDRESS` text
,`CUSTOMERS_COMPANY_PHONE` varchar(45)
,`CUSTOMERS_COMPANY_POSITION` varchar(45)
,`CUSTOMERS_REFERENCE_NAME` varchar(45)
,`CUSTOMERS_REFERENCE_ADDRESS` text
,`CUSTOMERS_REFERENCE_PHONE` varchar(45)
,`CUSTOMERS_REFERENCE_STATUS` varchar(45)
,`CREATED_DATE` datetime
,`MODIFIED_DATE` timestamp
);
-- --------------------------------------------------------

--
-- Table structure for table `DEBITUR`
--

CREATE TABLE IF NOT EXISTS `DEBITUR` (
  `DEBITUR_ID` int(19) NOT NULL AUTO_INCREMENT,
  `CUSTOMERS_ID` int(19) NOT NULL,
  `PERMOHONAN_KREDIT_ID` int(19) NOT NULL,
  `DEBITUR_NO_REK` varchar(100) COLLATE utf8_bin NOT NULL,
  `CREATED_DATE` datetime NOT NULL,
  `MODIFIED_DATE` timestamp NOT NULL DEFAULT CURRENT_TIMESTAMP ON UPDATE CURRENT_TIMESTAMP,
  PRIMARY KEY (`DEBITUR_ID`),
  KEY `CUSTOMERS_ID` (`CUSTOMERS_ID`),
  KEY `PERMOHONAN_KREDIT_ID` (`PERMOHONAN_KREDIT_ID`)
) ENGINE=InnoDB  DEFAULT CHARSET=utf8 COLLATE=utf8_bin AUTO_INCREMENT=12 ;

--
-- Dumping data for table `DEBITUR`
--

INSERT INTO `DEBITUR` (`DEBITUR_ID`, `CUSTOMERS_ID`, `PERMOHONAN_KREDIT_ID`, `DEBITUR_NO_REK`, `CREATED_DATE`, `MODIFIED_DATE`) VALUES
(10, 17, 9, '0000000001', '2013-07-05 21:32:19', '2013-07-05 14:32:19'),
(11, 17, 10, '0000000002', '2013-07-05 23:35:31', '2013-07-05 16:35:31');

-- --------------------------------------------------------

--
-- Table structure for table `DEBITUR_CATEGORY`
--

CREATE TABLE IF NOT EXISTS `DEBITUR_CATEGORY` (
  `DEBITUR_CATEGORY_ID` int(19) NOT NULL AUTO_INCREMENT,
  `DEBITUR_CATEGORY_NAME` varchar(255) COLLATE utf8_bin NOT NULL,
  `CREATED_DATE` datetime NOT NULL,
  `MODIFIED_DATE` timestamp NOT NULL DEFAULT CURRENT_TIMESTAMP ON UPDATE CURRENT_TIMESTAMP,
  PRIMARY KEY (`DEBITUR_CATEGORY_ID`)
) ENGINE=InnoDB  DEFAULT CHARSET=utf8 COLLATE=utf8_bin AUTO_INCREMENT=6 ;

--
-- Dumping data for table `DEBITUR_CATEGORY`
--

INSERT INTO `DEBITUR_CATEGORY` (`DEBITUR_CATEGORY_ID`, `DEBITUR_CATEGORY_NAME`, `CREATED_DATE`, `MODIFIED_DATE`) VALUES
(5, 'DCat1', '2013-07-04 00:51:10', '2013-07-03 17:51:10');

-- --------------------------------------------------------

--
-- Stand-in structure for view `DEBITUR_VIEW`
--
CREATE TABLE IF NOT EXISTS `DEBITUR_VIEW` (
`DEBITUR_ID` int(19)
,`DEBITUR_NO_REK` varchar(100)
,`CREATED_DATE` datetime
,`MODIFIED_DATE` timestamp
,`UNIT_KERJA_ID` int(19)
,`UNIT_KERJA_NAME` varchar(255)
,`CABANG_ID` int(19)
,`CABANG_NAME` varchar(255)
,`PAYMENT_POINT_ID` int(19)
,`PAYMENT_POINT_NAME` varchar(255)
,`PAYMENT_POINT_CODE` varchar(50)
,`CUSTOMERS_ID` int(19)
,`CUSTOMERS_NO_REG` varchar(255)
,`CUSTOMERS_NAME` varchar(1255)
,`CUSTOMERS_ADDRESS` text
,`CUSTOMERS_NO_KTP` varchar(45)
,`CUSTOMERS_PHONE` varchar(45)
,`CUSTOMERS_BIRTHDATE` date
,`CUSTOMERS_NOPEN` varchar(45)
,`CUSTOMERS_COMPANY` varchar(45)
,`CUSTOMERS_COMPANY_ADDRESS` text
,`CUSTOMERS_COMPANY_PHONE` varchar(45)
,`CUSTOMERS_COMPANY_POSITION` varchar(45)
,`CUSTOMERS_REFERENCE_NAME` varchar(45)
,`CUSTOMERS_REFERENCE_ADDRESS` text
,`CUSTOMERS_REFERENCE_PHONE` varchar(45)
,`CUSTOMERS_REFERENCE_STATUS` varchar(45)
,`PERMOHONAN_KREDIT_ID` int(19)
,`KREDIT_CATEGORY_ID` int(19)
,`KREDIT_CATEGORY_NAME` varchar(255)
,`DEBITUR_CATEGORY_ID` int(19)
,`DEBITUR_CATEGORY_NAME` varchar(255)
,`PERMOHONAN_KREDIT_NO` varchar(255)
,`PERMOHONAN_KREDIT_NO_BUKU` varchar(255)
,`PERMOHONAN_KREDIT_STATUS` varchar(255)
,`PERMOHONAN_KREDIT_PENGHASILAN` float
,`PERMOHONAN_KREDIT_PLAFOND` float
,`PERMOHONAN_KREDIT_JWAKTU` int(3)
,`PERMOHONAN_KREDIT_SUKU_BUNGA` float
,`PERMOHONAN_KREDIT_SIFAT_BUNGA` varchar(45)
,`PERMOHONAN_KREDIT_POKOK` float
,`PERMOHONAN_KREDIT_BUNGA` float
,`PERMOHONAN_KREDIT_ANGSURAN` int(3)
,`PERMOHONAN_KREDIT_CATATAN` text
,`STATUS` varchar(20)
);
-- --------------------------------------------------------

--
-- Table structure for table `KOLEKTIBILITAS`
--

CREATE TABLE IF NOT EXISTS `KOLEKTIBILITAS` (
  `KOLEKTIBILITAS_ID` int(19) NOT NULL AUTO_INCREMENT,
  `KOLEKTIBILITAS_CODE` varchar(10) COLLATE utf8_bin NOT NULL,
  `KOLEKTIBILITAS_URAIAN` varchar(45) COLLATE utf8_bin NOT NULL,
  `KOLEKTIBILITAS_TUNGGAKAN_MIN` int(11) NOT NULL DEFAULT '0',
  `KOLEKTIBILITAS_TUNGGAKAN_MAX` int(11) NOT NULL DEFAULT '0',
  `CREATED_DATE` datetime NOT NULL,
  `MODIFIED_DATE` timestamp NOT NULL DEFAULT CURRENT_TIMESTAMP ON UPDATE CURRENT_TIMESTAMP,
  PRIMARY KEY (`KOLEKTIBILITAS_ID`)
) ENGINE=InnoDB  DEFAULT CHARSET=utf8 COLLATE=utf8_bin AUTO_INCREMENT=5 ;

--
-- Dumping data for table `KOLEKTIBILITAS`
--

INSERT INTO `KOLEKTIBILITAS` (`KOLEKTIBILITAS_ID`, `KOLEKTIBILITAS_CODE`, `KOLEKTIBILITAS_URAIAN`, `KOLEKTIBILITAS_TUNGGAKAN_MIN`, `KOLEKTIBILITAS_TUNGGAKAN_MAX`, `CREATED_DATE`, `MODIFIED_DATE`) VALUES
(4, 'KolCode1', 'Uraian', 4, 5, '2013-07-04 01:33:12', '2013-07-03 18:33:12');

-- --------------------------------------------------------

--
-- Table structure for table `KREDIT_CATEGORY`
--

CREATE TABLE IF NOT EXISTS `KREDIT_CATEGORY` (
  `KREDIT_CATEGORY_ID` int(19) NOT NULL AUTO_INCREMENT,
  `KREDIT_CATEGORY_NAME` varchar(255) COLLATE utf8_bin NOT NULL,
  `CREATED_DATE` datetime NOT NULL,
  `MODIFIED_DATE` timestamp NOT NULL DEFAULT CURRENT_TIMESTAMP ON UPDATE CURRENT_TIMESTAMP,
  PRIMARY KEY (`KREDIT_CATEGORY_ID`)
) ENGINE=InnoDB  DEFAULT CHARSET=utf8 COLLATE=utf8_bin AUTO_INCREMENT=8 ;

--
-- Dumping data for table `KREDIT_CATEGORY`
--

INSERT INTO `KREDIT_CATEGORY` (`KREDIT_CATEGORY_ID`, `KREDIT_CATEGORY_NAME`, `CREATED_DATE`, `MODIFIED_DATE`) VALUES
(5, 'KCode1', '2013-06-23 04:37:02', '2013-06-22 21:37:02'),
(6, 'KCode2', '2013-06-23 04:37:07', '2013-06-22 21:37:07'),
(7, 'KCode3', '2013-06-23 04:37:12', '2013-06-22 21:37:12');

-- --------------------------------------------------------

--
-- Table structure for table `MARKETING_OFFICER`
--

CREATE TABLE IF NOT EXISTS `MARKETING_OFFICER` (
  `MARKETING_OFFICER_ID` int(19) NOT NULL AUTO_INCREMENT,
  `MARKETING_OFFICER_NAME` varchar(255) COLLATE utf8_bin NOT NULL,
  `CREATED_DATE` datetime NOT NULL,
  `MODIFIED_DATE` timestamp NOT NULL DEFAULT CURRENT_TIMESTAMP ON UPDATE CURRENT_TIMESTAMP,
  PRIMARY KEY (`MARKETING_OFFICER_ID`)
) ENGINE=InnoDB  DEFAULT CHARSET=utf8 COLLATE=utf8_bin AUTO_INCREMENT=4 ;

--
-- Dumping data for table `MARKETING_OFFICER`
--

INSERT INTO `MARKETING_OFFICER` (`MARKETING_OFFICER_ID`, `MARKETING_OFFICER_NAME`, `CREATED_DATE`, `MODIFIED_DATE`) VALUES
(1, 'MOfficer1', '2013-06-23 04:59:26', '2013-06-22 21:59:26'),
(2, 'MOfficer2', '2013-06-23 04:59:35', '2013-06-22 21:59:35'),
(3, 'MOfficer3', '2013-06-23 04:59:41', '2013-06-22 21:59:41');

-- --------------------------------------------------------

--
-- Table structure for table `MENUS`
--

CREATE TABLE IF NOT EXISTS `MENUS` (
  `MENU_ID` int(19) NOT NULL AUTO_INCREMENT,
  `MENU_TITLE` varchar(100) COLLATE utf8_bin NOT NULL,
  `ACTIVE` int(1) NOT NULL DEFAULT '1',
  `INDEX` int(3) NOT NULL DEFAULT '0',
  `ACTION` varchar(255) COLLATE utf8_bin NOT NULL,
  `PARENT_ID` int(19) NOT NULL DEFAULT '0',
  `CREATED_DATE` datetime NOT NULL,
  `MODIFIED_DATE` timestamp NOT NULL DEFAULT CURRENT_TIMESTAMP ON UPDATE CURRENT_TIMESTAMP,
  PRIMARY KEY (`MENU_ID`)
) ENGINE=InnoDB  DEFAULT CHARSET=utf8 COLLATE=utf8_bin AUTO_INCREMENT=23 ;

--
-- Dumping data for table `MENUS`
--

INSERT INTO `MENUS` (`MENU_ID`, `MENU_TITLE`, `ACTIVE`, `INDEX`, `ACTION`, `PARENT_ID`, `CREATED_DATE`, `MODIFIED_DATE`) VALUES
(1, 'Master', 1, 0, '', 0, '2013-06-17 19:14:55', '2013-06-17 12:14:55'),
(2, 'Customer', 1, 1, 'onCustomerMenuClicked', 1, '2013-06-17 21:44:56', '2013-06-17 15:36:28'),
(3, 'Kredit', 1, 1, '', 0, '2013-06-17 22:03:18', '2013-06-23 15:45:00'),
(4, 'Cabang', 1, 0, 'onCabangMenuClicked', 1, '2013-06-17 22:26:27', '2013-06-17 16:02:59'),
(5, 'Debitur Category', 1, 2, 'onDebiturCategoryClicked', 1, '2013-06-17 22:27:02', '2013-06-22 16:16:50'),
(6, 'Kolektibilitas', 1, 3, 'onKolektibilitasClicked', 1, '2013-06-17 22:28:40', '2013-06-22 16:17:04'),
(7, 'Kredit Category', 1, 4, 'onKreditCategoryClicked', 1, '2013-06-17 22:28:40', '2013-06-22 16:15:13'),
(8, 'Marketing Officer', 1, 5, 'onMarketingOfficerClicked', 1, '2013-06-17 22:28:40', '2013-06-22 16:17:12'),
(9, 'Payment Point', 1, 6, 'onPaymentPointClicked', 1, '2013-06-17 22:28:40', '2013-06-20 10:16:04'),
(10, 'Unit Kerja', 1, 7, 'onUnitKerjaClicked', 1, '2013-06-17 22:28:40', '2013-06-22 16:17:20'),
(11, 'Users', 1, 8, 'onUsersClicked', 1, '2013-06-17 22:28:41', '2013-06-22 16:17:27'),
(12, 'Simpanan', 1, 2, '', 0, '2013-06-23 16:53:31', '2013-06-23 09:53:31'),
(13, 'Rekening', 1, 0, 'onRekeningClicked', 12, '2013-06-23 16:54:13', '2013-06-23 10:07:39'),
(14, 'Slip Setoran', 1, 1, 'doSlipSetoranClicked', 12, '2013-06-23 16:54:36', '2013-06-23 09:54:36'),
(15, 'Slip Penarikan', 1, 2, 'doSlipPenarikanClicked', 12, '2013-06-23 16:54:57', '2013-06-23 09:55:07'),
(16, 'Permohonan Kredit', 1, 0, 'onPermohonanKreditClicked', 3, '2013-06-23 20:31:24', '2013-06-23 13:31:24'),
(17, 'Analisa Kredit', 1, 0, 'onAnalisaKreditClicked', 3, '2013-06-24 00:39:02', '2013-06-23 17:39:02'),
(18, 'Pencairan Kredit', 1, 0, 'onPencairanKreditClicked', 3, '2013-06-24 02:13:25', '2013-06-23 19:13:25'),
(19, 'Administrasi', 1, 0, '', 0, '2013-06-24 02:52:21', '2013-06-23 19:52:21'),
(20, 'Debitur', 1, 0, 'onDebiturClicked', 19, '2013-06-24 02:53:52', '2013-06-23 19:53:52'),
(21, 'Tagihan', 1, 1, 'onTagihanClicked', 19, '2013-06-24 04:27:15', '2013-07-05 07:08:26');

-- --------------------------------------------------------

--
-- Table structure for table `PAYMENT`
--

CREATE TABLE IF NOT EXISTS `PAYMENT` (
  `PAYMENT_ID` int(19) NOT NULL AUTO_INCREMENT,
  `DEBITUR_ID` int(19) NOT NULL,
  `PAYMENT_POINT_ID` int(19) NOT NULL,
  `UNIT_KERJA_ID` int(19) NOT NULL,
  `CABANG_ID` int(19) NOT NULL,
  `TANGGAL` date NOT NULL,
  `BAKI_AWAL` int(11) NOT NULL DEFAULT '0',
  `ATD_POKOK` int(11) NOT NULL DEFAULT '0',
  `ATD_BUNGA` int(11) NOT NULL DEFAULT '0',
  `ATD_JUMLAH` int(11) NOT NULL DEFAULT '0',
  `AJT_POKOK` int(11) NOT NULL DEFAULT '0',
  `AJT_BUNGA` int(11) NOT NULL DEFAULT '0',
  `AJT_JUMLAH` int(11) NOT NULL DEFAULT '0',
  `BAKI_AKHIR` int(11) NOT NULL DEFAULT '0',
  `CREATED_DATE` datetime NOT NULL,
  `MODIFIED_DATE` timestamp NOT NULL DEFAULT CURRENT_TIMESTAMP ON UPDATE CURRENT_TIMESTAMP,
  PRIMARY KEY (`PAYMENT_ID`),
  KEY `DEBITUR_ID` (`DEBITUR_ID`),
  KEY `fk_PAYMENT_POINT_ID` (`PAYMENT_POINT_ID`),
  KEY `fk_UNIT_KERJA_ID` (`UNIT_KERJA_ID`),
  KEY `fk_CABANG_ID` (`CABANG_ID`)
) ENGINE=InnoDB  DEFAULT CHARSET=utf8 COLLATE=utf8_bin AUTO_INCREMENT=8 ;

--
-- Dumping data for table `PAYMENT`
--

INSERT INTO `PAYMENT` (`PAYMENT_ID`, `DEBITUR_ID`, `PAYMENT_POINT_ID`, `UNIT_KERJA_ID`, `CABANG_ID`, `TANGGAL`, `BAKI_AWAL`, `ATD_POKOK`, `ATD_BUNGA`, `ATD_JUMLAH`, `AJT_POKOK`, `AJT_BUNGA`, `AJT_JUMLAH`, `BAKI_AKHIR`, `CREATED_DATE`, `MODIFIED_DATE`) VALUES
(1, 10, 9, 3, 4, '2013-07-05', 3500000, 292000, 129500, 421500, 0, 0, 0, 3208000, '2013-07-05 21:32:41', '2013-07-05 14:32:41'),
(2, 10, 9, 2, 4, '2013-07-05', 3208000, 292000, 129500, 421500, 0, 0, 0, 2916000, '2013-07-05 21:36:43', '2013-07-05 14:36:43'),
(3, 10, 9, 3, 4, '2013-07-05', 2916000, 292000, 129500, 421500, 0, 0, 0, 2624000, '2013-07-05 21:44:28', '2013-07-05 14:44:28'),
(4, 10, 9, 3, 4, '2013-07-05', 2624000, 292000, 129500, 421500, 0, 0, 0, 2332000, '2013-07-05 22:50:50', '2013-07-05 15:50:50'),
(5, 10, 9, 3, 4, '2013-07-05', 2332000, 0, 0, 0, 292000, 150000, 442000, 2040000, '2013-07-05 23:05:12', '2013-07-05 16:05:12'),
(6, 10, 9, 3, 4, '2013-07-05', 2040000, 2040000, 129500, 2169500, 0, 0, 0, 0, '2013-07-05 23:33:30', '2013-07-05 16:33:30'),
(7, 11, 9, 3, 4, '2013-07-05', 2000000, 2000000, 150000, 2150000, 0, 0, 0, 0, '2013-07-05 23:35:58', '2013-07-05 16:35:58');

-- --------------------------------------------------------

--
-- Table structure for table `PAYMENT_POINT`
--

CREATE TABLE IF NOT EXISTS `PAYMENT_POINT` (
  `PAYMENT_POINT_ID` int(19) NOT NULL AUTO_INCREMENT,
  `PAYMENT_POINT_CODE` varchar(50) COLLATE utf8_bin NOT NULL,
  `PAYMENT_POINT_NAME` varchar(255) COLLATE utf8_bin NOT NULL,
  `CREATED_DATE` datetime NOT NULL,
  `MODIFIED_DATE` timestamp NOT NULL DEFAULT CURRENT_TIMESTAMP ON UPDATE CURRENT_TIMESTAMP,
  PRIMARY KEY (`PAYMENT_POINT_ID`)
) ENGINE=InnoDB  DEFAULT CHARSET=utf8 COLLATE=utf8_bin AUTO_INCREMENT=12 ;

--
-- Dumping data for table `PAYMENT_POINT`
--

INSERT INTO `PAYMENT_POINT` (`PAYMENT_POINT_ID`, `PAYMENT_POINT_CODE`, `PAYMENT_POINT_NAME`, `CREATED_DATE`, `MODIFIED_DATE`) VALUES
(9, 'PPT-CD-001', 'PPTCD001', '2013-06-23 02:27:48', '2013-06-22 19:27:48'),
(10, 'PPT-CD-002', 'PPTCD002', '2013-06-23 02:27:58', '2013-06-22 19:27:58'),
(11, 'PPT-CD-003', 'PPTCD003', '2013-06-23 02:28:12', '2013-06-22 19:28:12');

-- --------------------------------------------------------

--
-- Stand-in structure for view `PAYMENT_VIEW`
--
CREATE TABLE IF NOT EXISTS `PAYMENT_VIEW` (
`PAYMENT_ID` int(19)
,`DEBITUR_ID` int(19)
,`DEBITUR_NO_REK` varchar(100)
,`CUSTOMERS_ID` int(19)
,`CUSTOMERS_NAME` varchar(1255)
,`CUSTOMERS_NO_REG` varchar(255)
,`TANGGAL` date
,`BAKI_AWAL` int(11)
,`ATD_POKOK` int(11)
,`ATD_BUNGA` int(11)
,`ATD_JUMLAH` int(11)
,`AJT_POKOK` int(11)
,`AJT_BUNGA` int(11)
,`AJT_JUMLAH` int(11)
,`BAKI_AKHIR` int(11)
,`CREATED_DATE` datetime
,`MODIFIED_DATE` timestamp
,`PAYMENT_POINT_ID` int(19)
,`PAYMENT_POINT_NAME` varchar(255)
,`UNIT_KERJA_ID` int(19)
,`UNIT_KERJA_NAME` varchar(255)
,`CABANG_ID` int(19)
,`CABANG_NAME` varchar(255)
);
-- --------------------------------------------------------

--
-- Table structure for table `PERMOHONAN_KREDIT`
--

CREATE TABLE IF NOT EXISTS `PERMOHONAN_KREDIT` (
  `PERMOHONAN_KREDIT_ID` int(19) NOT NULL AUTO_INCREMENT,
  `CUSTOMERS_ID` int(19) NOT NULL,
  `KREDIT_CATEGORY_ID` int(19) NOT NULL,
  `DEBITUR_CATEGORY_ID` int(19) NOT NULL,
  `PAYMENT_POINT_ID` int(19) NOT NULL,
  `UNIT_KERJA_ID` int(19) NOT NULL,
  `CABANG_ID` int(19) NOT NULL,
  `PERMOHONAN_KREDIT_NO` varchar(255) COLLATE utf8_bin NOT NULL,
  `PERMOHONAN_KREDIT_NO_BUKU` varchar(255) COLLATE utf8_bin NOT NULL,
  `PERMOHONAN_KREDIT_STATUS` varchar(255) COLLATE utf8_bin NOT NULL,
  `PERMOHONAN_KREDIT_PENGHASILAN` float NOT NULL,
  `PERMOHONAN_KREDIT_PLAFOND` float NOT NULL,
  `PERMOHONAN_KREDIT_JWAKTU` int(3) NOT NULL,
  `PERMOHONAN_KREDIT_SIFAT_BUNGA` varchar(45) COLLATE utf8_bin NOT NULL,
  `PERMOHONAN_KREDIT_SUKU_BUNGA` float NOT NULL,
  `PERMOHONAN_KREDIT_POKOK` float NOT NULL,
  `PERMOHONAN_KREDIT_BUNGA` float NOT NULL,
  `PERMOHONAN_KREDIT_ANGSURAN` int(3) NOT NULL,
  `PERMOHONAN_KREDIT_CATATAN` text COLLATE utf8_bin,
  `STATUS` varchar(20) COLLATE utf8_bin NOT NULL DEFAULT 'Open',
  `CREATED_DATE` datetime NOT NULL,
  `MODIFIED_DATE` timestamp NOT NULL DEFAULT CURRENT_TIMESTAMP ON UPDATE CURRENT_TIMESTAMP,
  PRIMARY KEY (`PERMOHONAN_KREDIT_ID`),
  KEY `CUSTOMERS_ID` (`CUSTOMERS_ID`),
  KEY `KREDIT_CATEGORY_ID` (`KREDIT_CATEGORY_ID`),
  KEY `DEBITUR_CATEGORY_ID` (`DEBITUR_CATEGORY_ID`),
  KEY `PAYMENT_POINT_ID` (`PAYMENT_POINT_ID`),
  KEY `UNIT_KERJA_ID` (`UNIT_KERJA_ID`),
  KEY `CABANG_ID` (`CABANG_ID`)
) ENGINE=InnoDB  DEFAULT CHARSET=utf8 COLLATE=utf8_bin AUTO_INCREMENT=11 ;

--
-- Dumping data for table `PERMOHONAN_KREDIT`
--

INSERT INTO `PERMOHONAN_KREDIT` (`PERMOHONAN_KREDIT_ID`, `CUSTOMERS_ID`, `KREDIT_CATEGORY_ID`, `DEBITUR_CATEGORY_ID`, `PAYMENT_POINT_ID`, `UNIT_KERJA_ID`, `CABANG_ID`, `PERMOHONAN_KREDIT_NO`, `PERMOHONAN_KREDIT_NO_BUKU`, `PERMOHONAN_KREDIT_STATUS`, `PERMOHONAN_KREDIT_PENGHASILAN`, `PERMOHONAN_KREDIT_PLAFOND`, `PERMOHONAN_KREDIT_JWAKTU`, `PERMOHONAN_KREDIT_SIFAT_BUNGA`, `PERMOHONAN_KREDIT_SUKU_BUNGA`, `PERMOHONAN_KREDIT_POKOK`, `PERMOHONAN_KREDIT_BUNGA`, `PERMOHONAN_KREDIT_ANGSURAN`, `PERMOHONAN_KREDIT_CATATAN`, `STATUS`, `CREATED_DATE`, `MODIFIED_DATE`) VALUES
(9, 17, 5, 5, 9, 3, 4, '0000000001', '123123', 'Baru', 7500000, 3500000, 12, 'Tetap', 3.7, 292000, 129500, 421500, '-', 'Closed', '2013-07-05 21:32:01', '2013-07-05 16:33:31'),
(10, 17, 5, 5, 9, 3, 4, '0000000001', '123123', 'Baru', 5000000, 2000000, 12, 'Tetap', 3.7, 167000, 74000, 241000, '-', 'Closed', '2013-07-05 23:35:11', '2013-07-05 16:35:58');

-- --------------------------------------------------------

--
-- Table structure for table `PERMOHONAN_KREDIT_DUE_DATE`
--

CREATE TABLE IF NOT EXISTS `PERMOHONAN_KREDIT_DUE_DATE` (
  `PERMOHONAN_KREDIT_DUE_DATE_ID` int(19) NOT NULL AUTO_INCREMENT,
  `PERMOHONAN_KREDIT_ID` int(19) NOT NULL,
  `DUE_DATE` date NOT NULL,
  `CREATED_DATE` datetime NOT NULL,
  `MODIFIED_DATE` timestamp NOT NULL DEFAULT CURRENT_TIMESTAMP ON UPDATE CURRENT_TIMESTAMP,
  PRIMARY KEY (`PERMOHONAN_KREDIT_DUE_DATE_ID`),
  KEY `PERMOHONAN_KREDIT_ID` (`PERMOHONAN_KREDIT_ID`)
) ENGINE=InnoDB  DEFAULT CHARSET=utf8 COLLATE=utf8_bin AUTO_INCREMENT=3 ;

--
-- Dumping data for table `PERMOHONAN_KREDIT_DUE_DATE`
--

INSERT INTO `PERMOHONAN_KREDIT_DUE_DATE` (`PERMOHONAN_KREDIT_DUE_DATE_ID`, `PERMOHONAN_KREDIT_ID`, `DUE_DATE`, `CREATED_DATE`, `MODIFIED_DATE`) VALUES
(1, 9, '2014-01-21', '2013-07-05 00:00:00', '2013-07-05 16:33:31'),
(2, 10, '2013-09-21', '2013-07-05 00:00:00', '2013-07-05 16:35:58');

-- --------------------------------------------------------

--
-- Stand-in structure for view `PERMOHONAN_KREDIT_VIEW`
--
CREATE TABLE IF NOT EXISTS `PERMOHONAN_KREDIT_VIEW` (
`PERMOHONAN_KREDIT_ID` int(19)
,`PERMOHONAN_KREDIT_NO` varchar(255)
,`PERMOHONAN_KREDIT_STATUS` varchar(255)
,`PERMOHONAN_KREDIT_NO_BUKU` varchar(255)
,`PERMOHONAN_KREDIT_PENGHASILAN` float
,`PERMOHONAN_KREDIT_PLAFOND` float
,`STATUS` varchar(20)
,`PERMOHONAN_KREDIT_JWAKTU` int(3)
,`PERMOHONAN_KREDIT_SIFAT_BUNGA` varchar(45)
,`PERMOHONAN_KREDIT_SUKU_BUNGA` float
,`PERMOHONAN_KREDIT_POKOK` float
,`PERMOHONAN_KREDIT_BUNGA` float
,`PERMOHONAN_KREDIT_ANGSURAN` int(3)
,`PERMOHONAN_KREDIT_CATATAN` text
,`CREATED_DATE` datetime
,`MODIFIED_DATE` timestamp
,`CUSTOMERS_NO_REG` varchar(255)
,`CUSTOMERS_ID` int(19)
,`CUSTOMERS_NAME` varchar(1255)
,`CUSTOMERS_ADDRESS` text
,`CUSTOMERS_NO_KTP` varchar(45)
,`CUSTOMERS_PHONE` varchar(45)
,`CUSTOMERS_BIRTHDATE` date
,`CUSTOMERS_NOPEN` varchar(45)
,`CUSTOMERS_COMPANY` varchar(45)
,`CUSTOMERS_COMPANY_ADDRESS` text
,`CUSTOMERS_COMPANY_PHONE` varchar(45)
,`CUSTOMERS_COMPANY_POSITION` varchar(45)
,`CUSTOMERS_REFERENCE_NAME` varchar(45)
,`CUSTOMERS_REFERENCE_ADDRESS` text
,`CUSTOMERS_REFERENCE_PHONE` varchar(45)
,`CUSTOMERS_REFERENCE_STATUS` varchar(45)
,`KREDIT_CATEGORY_ID` int(19)
,`KREDIT_CATEGORY_NAME` varchar(255)
,`DEBITUR_CATEGORY_ID` int(19)
,`DEBITUR_CATEGORY_NAME` varchar(255)
,`PAYMENT_POINT_ID` int(19)
,`PAYMENT_POINT_NAME` varchar(255)
,`UNIT_KERJA_ID` int(19)
,`UNIT_KERJA_NAME` varchar(255)
,`CABANG_ID` int(19)
,`CABANG_NAME` varchar(255)
);
-- --------------------------------------------------------

--
-- Table structure for table `REKENING`
--

CREATE TABLE IF NOT EXISTS `REKENING` (
  `REKENING_ID` int(19) NOT NULL AUTO_INCREMENT,
  `CUSTOMERS_ID` int(19) NOT NULL,
  `REKENING_NO` varchar(100) COLLATE utf8_bin NOT NULL,
  `REKENING_NO_REF` varchar(100) COLLATE utf8_bin NOT NULL,
  `REKENING_STATUS` varchar(100) COLLATE utf8_bin NOT NULL DEFAULT '',
  `ENTRY_BY` varchar(100) COLLATE utf8_bin NOT NULL,
  `CREATED_DATE` datetime NOT NULL,
  `MODIFIED_DATE` timestamp NOT NULL DEFAULT CURRENT_TIMESTAMP ON UPDATE CURRENT_TIMESTAMP,
  PRIMARY KEY (`REKENING_ID`),
  KEY `CUSTOMERS_ID` (`CUSTOMERS_ID`),
  KEY `ENTRY_BY` (`ENTRY_BY`)
) ENGINE=InnoDB DEFAULT CHARSET=utf8 COLLATE=utf8_bin AUTO_INCREMENT=1 ;

-- --------------------------------------------------------

--
-- Stand-in structure for view `REKENING_VIEW`
--
CREATE TABLE IF NOT EXISTS `REKENING_VIEW` (
`UNIT_KERJA_ID` int(19)
,`CABANG_ID` int(19)
,`PAYMENT_POINT_ID` int(19)
,`CUSTOMERS_ID` int(19)
,`CUSTOMERS_NO_REG` varchar(255)
,`CUSTOMERS_NAME` varchar(1255)
,`CUSTOMERS_ADDRESS` text
,`CUSTOMERS_NO_KTP` varchar(45)
,`CUSTOMERS_PHONE` varchar(45)
,`CUSTOMERS_BIRTHDATE` date
,`CUSTOMERS_NOPEN` varchar(45)
,`CUSTOMERS_COMPANY` varchar(45)
,`CUSTOMERS_COMPANY_ADDRESS` text
,`CUSTOMERS_COMPANY_PHONE` varchar(45)
,`CUSTOMERS_COMPANY_POSITION` varchar(45)
,`CUSTOMERS_REFERENCE_NAME` varchar(45)
,`CUSTOMERS_REFERENCE_ADDRESS` text
,`CUSTOMERS_REFERENCE_PHONE` varchar(45)
,`CUSTOMERS_REFERENCE_STATUS` varchar(45)
,`REKENING_ID` int(19)
,`REKENING_NO` varchar(100)
,`REKENING_NO_REF` varchar(100)
,`REKENING_STATUS` varchar(100)
,`ENTRY_BY` varchar(100)
,`CREATED_DATE` datetime
,`MODIFIED_DATE` timestamp
);
-- --------------------------------------------------------

--
-- Table structure for table `TAGIHAN_REGULER`
--

CREATE TABLE IF NOT EXISTS `TAGIHAN_REGULER` (
  `TAGIHAN_REGULER_ID` int(19) NOT NULL AUTO_INCREMENT,
  `DEBITUR_ID` int(19) NOT NULL,
  `UNIT_KERJA_ID` int(19) NOT NULL,
  `CABANG_ID` int(19) NOT NULL,
  `TANGGAL` date NOT NULL,
  `POKOK` float NOT NULL,
  `BUNGA` float NOT NULL,
  `ANGSURAN` int(3) NOT NULL,
  `BAKI_AWAL` float NOT NULL,
  `BAKI_AKHIR` float NOT NULL,
  `CREATED_DATE` datetime NOT NULL,
  `MODIFIED_DATE` timestamp NOT NULL DEFAULT CURRENT_TIMESTAMP ON UPDATE CURRENT_TIMESTAMP,
  PRIMARY KEY (`TAGIHAN_REGULER_ID`),
  KEY `DEBITUR_ID` (`DEBITUR_ID`),
  KEY `UNIT_KERJA_ID` (`UNIT_KERJA_ID`),
  KEY `CABANG_ID` (`CABANG_ID`)
) ENGINE=InnoDB DEFAULT CHARSET=utf8 COLLATE=utf8_bin AUTO_INCREMENT=1 ;

-- --------------------------------------------------------

--
-- Table structure for table `UNIT_KERJA`
--

CREATE TABLE IF NOT EXISTS `UNIT_KERJA` (
  `UNIT_KERJA_ID` int(19) NOT NULL AUTO_INCREMENT,
  `UNIT_KERJA_NAME` varchar(255) COLLATE utf8_bin NOT NULL,
  `UNIT_KERJA_ADDRESS` text COLLATE utf8_bin NOT NULL,
  `UNIT_KERJA_PHONE` varchar(20) COLLATE utf8_bin NOT NULL,
  `UNIT_KERJA_FAX` varchar(20) COLLATE utf8_bin NOT NULL,
  `UNIT_KERJA_CONTACT_PERSON` varchar(255) COLLATE utf8_bin NOT NULL,
  `CREATED_DATE` datetime NOT NULL,
  `MODIFIED_DATE` timestamp NOT NULL DEFAULT CURRENT_TIMESTAMP ON UPDATE CURRENT_TIMESTAMP,
  PRIMARY KEY (`UNIT_KERJA_ID`)
) ENGINE=InnoDB  DEFAULT CHARSET=utf8 COLLATE=utf8_bin AUTO_INCREMENT=5 ;

--
-- Dumping data for table `UNIT_KERJA`
--

INSERT INTO `UNIT_KERJA` (`UNIT_KERJA_ID`, `UNIT_KERJA_NAME`, `UNIT_KERJA_ADDRESS`, `UNIT_KERJA_PHONE`, `UNIT_KERJA_FAX`, `UNIT_KERJA_CONTACT_PERSON`, `CREATED_DATE`, `MODIFIED_DATE`) VALUES
(2, 'UK2', 'dflkj', 'lkj', 'klj', 'lkj', '2013-06-23 05:01:39', '2013-06-22 22:01:39'),
(3, 'UK1', '1212', '1212', '1212', 'asas', '2013-06-23 05:01:53', '2013-06-23 09:35:31'),
(4, 'UK3', 'sdf', 'jkh', 'kjh', 'dsf', '2013-06-23 05:02:00', '2013-06-22 22:02:00');

-- --------------------------------------------------------

--
-- Table structure for table `USERS`
--

CREATE TABLE IF NOT EXISTS `USERS` (
  `USERNAME` varchar(100) COLLATE utf8_bin NOT NULL,
  `PASSWORD` varchar(40) COLLATE utf8_bin NOT NULL,
  `FNAME` varchar(100) COLLATE utf8_bin NOT NULL,
  `LNAME` varchar(100) COLLATE utf8_bin NOT NULL,
  `CREATED_DATE` datetime NOT NULL,
  `MODIFIED_DATE` timestamp NOT NULL DEFAULT CURRENT_TIMESTAMP ON UPDATE CURRENT_TIMESTAMP,
  PRIMARY KEY (`USERNAME`)
) ENGINE=InnoDB DEFAULT CHARSET=utf8 COLLATE=utf8_bin;

--
-- Dumping data for table `USERS`
--

INSERT INTO `USERS` (`USERNAME`, `PASSWORD`, `FNAME`, `LNAME`, `CREATED_DATE`, `MODIFIED_DATE`) VALUES
('admin', '7b3311da916a2454a0c47a6aa2e0c69279a6b85e', 'Super', 'Administrator', '2013-06-23 17:40:44', '2013-06-23 10:40:44');

-- --------------------------------------------------------

--
-- Structure for view `CUSTOMER_VIEW`
--
DROP TABLE IF EXISTS `CUSTOMER_VIEW`;

CREATE ALGORITHM=UNDEFINED DEFINER=`root`@`localhost` SQL SECURITY DEFINER VIEW `CUSTOMER_VIEW` AS select `cust`.`CUSTOMERS_ID` AS `CUSTOMERS_ID`,`cust`.`UNIT_KERJA_ID` AS `UNIT_KERJA_ID`,`ukj`.`UNIT_KERJA_NAME` AS `UNIT_KERJA_NAME`,`cust`.`CABANG_ID` AS `CABANG_ID`,`cb`.`CABANG_NAME` AS `CABANG_NAME`,`cust`.`PAYMENT_POINT_ID` AS `PAYMENT_POINT_ID`,`ppt`.`PAYMENT_POINT_NAME` AS `PAYMENT_POINT_NAME`,`ppt`.`PAYMENT_POINT_CODE` AS `PAYMENT_POINT_CODE`,`cust`.`CUSTOMERS_NO_REG` AS `CUSTOMERS_NO_REG`,`cust`.`CUSTOMERS_NAME` AS `CUSTOMERS_NAME`,`cust`.`CUSTOMERS_ADDRESS` AS `CUSTOMERS_ADDRESS`,`cust`.`CUSTOMERS_NO_KTP` AS `CUSTOMERS_NO_KTP`,`cust`.`CUSTOMERS_PHONE` AS `CUSTOMERS_PHONE`,`cust`.`CUSTOMERS_BIRTHDATE` AS `CUSTOMERS_BIRTHDATE`,`cust`.`CUSTOMERS_NOPEN` AS `CUSTOMERS_NOPEN`,`cust`.`CUSTOMERS_COMPANY` AS `CUSTOMERS_COMPANY`,`cust`.`CUSTOMERS_COMPANY_ADDRESS` AS `CUSTOMERS_COMPANY_ADDRESS`,`cust`.`CUSTOMERS_COMPANY_PHONE` AS `CUSTOMERS_COMPANY_PHONE`,`cust`.`CUSTOMERS_COMPANY_POSITION` AS `CUSTOMERS_COMPANY_POSITION`,`cust`.`CUSTOMERS_REFERENCE_NAME` AS `CUSTOMERS_REFERENCE_NAME`,`cust`.`CUSTOMERS_REFERENCE_ADDRESS` AS `CUSTOMERS_REFERENCE_ADDRESS`,`cust`.`CUSTOMERS_REFERENCE_PHONE` AS `CUSTOMERS_REFERENCE_PHONE`,`cust`.`CUSTOMERS_REFERENCE_STATUS` AS `CUSTOMERS_REFERENCE_STATUS`,`cust`.`CREATED_DATE` AS `CREATED_DATE`,`cust`.`MODIFIED_DATE` AS `MODIFIED_DATE` from (((`CUSTOMERS` `cust` join `CABANG` `cb`) join `UNIT_KERJA` `ukj`) join `PAYMENT_POINT` `ppt`) where ((`cust`.`CABANG_ID` = `cb`.`CABANG_ID`) and (`cust`.`UNIT_KERJA_ID` = `ukj`.`UNIT_KERJA_ID`) and (`cust`.`PAYMENT_POINT_ID` = `ppt`.`PAYMENT_POINT_ID`));

-- --------------------------------------------------------

--
-- Structure for view `DEBITUR_VIEW`
--
DROP TABLE IF EXISTS `DEBITUR_VIEW`;

CREATE ALGORITHM=UNDEFINED DEFINER=`root`@`localhost` SQL SECURITY DEFINER VIEW `DEBITUR_VIEW` AS select `deb`.`DEBITUR_ID` AS `DEBITUR_ID`,`deb`.`DEBITUR_NO_REK` AS `DEBITUR_NO_REK`,`deb`.`CREATED_DATE` AS `CREATED_DATE`,`deb`.`MODIFIED_DATE` AS `MODIFIED_DATE`,`ukj`.`UNIT_KERJA_ID` AS `UNIT_KERJA_ID`,`ukj`.`UNIT_KERJA_NAME` AS `UNIT_KERJA_NAME`,`cbg`.`CABANG_ID` AS `CABANG_ID`,`cbg`.`CABANG_NAME` AS `CABANG_NAME`,`ppt`.`PAYMENT_POINT_ID` AS `PAYMENT_POINT_ID`,`ppt`.`PAYMENT_POINT_NAME` AS `PAYMENT_POINT_NAME`,`ppt`.`PAYMENT_POINT_CODE` AS `PAYMENT_POINT_CODE`,`cust`.`CUSTOMERS_ID` AS `CUSTOMERS_ID`,`cust`.`CUSTOMERS_NO_REG` AS `CUSTOMERS_NO_REG`,`cust`.`CUSTOMERS_NAME` AS `CUSTOMERS_NAME`,`cust`.`CUSTOMERS_ADDRESS` AS `CUSTOMERS_ADDRESS`,`cust`.`CUSTOMERS_NO_KTP` AS `CUSTOMERS_NO_KTP`,`cust`.`CUSTOMERS_PHONE` AS `CUSTOMERS_PHONE`,`cust`.`CUSTOMERS_BIRTHDATE` AS `CUSTOMERS_BIRTHDATE`,`cust`.`CUSTOMERS_NOPEN` AS `CUSTOMERS_NOPEN`,`cust`.`CUSTOMERS_COMPANY` AS `CUSTOMERS_COMPANY`,`cust`.`CUSTOMERS_COMPANY_ADDRESS` AS `CUSTOMERS_COMPANY_ADDRESS`,`cust`.`CUSTOMERS_COMPANY_PHONE` AS `CUSTOMERS_COMPANY_PHONE`,`cust`.`CUSTOMERS_COMPANY_POSITION` AS `CUSTOMERS_COMPANY_POSITION`,`cust`.`CUSTOMERS_REFERENCE_NAME` AS `CUSTOMERS_REFERENCE_NAME`,`cust`.`CUSTOMERS_REFERENCE_ADDRESS` AS `CUSTOMERS_REFERENCE_ADDRESS`,`cust`.`CUSTOMERS_REFERENCE_PHONE` AS `CUSTOMERS_REFERENCE_PHONE`,`cust`.`CUSTOMERS_REFERENCE_STATUS` AS `CUSTOMERS_REFERENCE_STATUS`,`prk`.`PERMOHONAN_KREDIT_ID` AS `PERMOHONAN_KREDIT_ID`,`kcat`.`KREDIT_CATEGORY_ID` AS `KREDIT_CATEGORY_ID`,`kcat`.`KREDIT_CATEGORY_NAME` AS `KREDIT_CATEGORY_NAME`,`dcat`.`DEBITUR_CATEGORY_ID` AS `DEBITUR_CATEGORY_ID`,`dcat`.`DEBITUR_CATEGORY_NAME` AS `DEBITUR_CATEGORY_NAME`,`prk`.`PERMOHONAN_KREDIT_NO` AS `PERMOHONAN_KREDIT_NO`,`prk`.`PERMOHONAN_KREDIT_NO_BUKU` AS `PERMOHONAN_KREDIT_NO_BUKU`,`prk`.`PERMOHONAN_KREDIT_STATUS` AS `PERMOHONAN_KREDIT_STATUS`,`prk`.`PERMOHONAN_KREDIT_PENGHASILAN` AS `PERMOHONAN_KREDIT_PENGHASILAN`,`prk`.`PERMOHONAN_KREDIT_PLAFOND` AS `PERMOHONAN_KREDIT_PLAFOND`,`prk`.`PERMOHONAN_KREDIT_JWAKTU` AS `PERMOHONAN_KREDIT_JWAKTU`,`prk`.`PERMOHONAN_KREDIT_SUKU_BUNGA` AS `PERMOHONAN_KREDIT_SUKU_BUNGA`,`prk`.`PERMOHONAN_KREDIT_SIFAT_BUNGA` AS `PERMOHONAN_KREDIT_SIFAT_BUNGA`,`prk`.`PERMOHONAN_KREDIT_POKOK` AS `PERMOHONAN_KREDIT_POKOK`,`prk`.`PERMOHONAN_KREDIT_BUNGA` AS `PERMOHONAN_KREDIT_BUNGA`,`prk`.`PERMOHONAN_KREDIT_ANGSURAN` AS `PERMOHONAN_KREDIT_ANGSURAN`,`prk`.`PERMOHONAN_KREDIT_CATATAN` AS `PERMOHONAN_KREDIT_CATATAN`,`prk`.`STATUS` AS `STATUS` from (((((((`DEBITUR` `deb` join `CUSTOMERS` `cust`) join `UNIT_KERJA` `ukj`) join `CABANG` `cbg`) join `PAYMENT_POINT` `ppt`) join `PERMOHONAN_KREDIT` `prk`) join `KREDIT_CATEGORY` `kcat`) join `DEBITUR_CATEGORY` `dcat`) where ((`deb`.`CUSTOMERS_ID` = `cust`.`CUSTOMERS_ID`) and (`prk`.`UNIT_KERJA_ID` = `ukj`.`UNIT_KERJA_ID`) and (`prk`.`CABANG_ID` = `cbg`.`CABANG_ID`) and (`prk`.`PAYMENT_POINT_ID` = `ppt`.`PAYMENT_POINT_ID`) and (`deb`.`PERMOHONAN_KREDIT_ID` = `prk`.`PERMOHONAN_KREDIT_ID`) and (`prk`.`KREDIT_CATEGORY_ID` = `kcat`.`KREDIT_CATEGORY_ID`) and (`prk`.`DEBITUR_CATEGORY_ID` = `dcat`.`DEBITUR_CATEGORY_ID`));

-- --------------------------------------------------------

--
-- Structure for view `PAYMENT_VIEW`
--
DROP TABLE IF EXISTS `PAYMENT_VIEW`;

CREATE ALGORITHM=UNDEFINED DEFINER=`root`@`localhost` SQL SECURITY DEFINER VIEW `PAYMENT_VIEW` AS select `p`.`PAYMENT_ID` AS `PAYMENT_ID`,`deb`.`DEBITUR_ID` AS `DEBITUR_ID`,`deb`.`DEBITUR_NO_REK` AS `DEBITUR_NO_REK`,`deb`.`CUSTOMERS_ID` AS `CUSTOMERS_ID`,`deb`.`CUSTOMERS_NAME` AS `CUSTOMERS_NAME`,`deb`.`CUSTOMERS_NO_REG` AS `CUSTOMERS_NO_REG`,`p`.`TANGGAL` AS `TANGGAL`,`p`.`BAKI_AWAL` AS `BAKI_AWAL`,`p`.`ATD_POKOK` AS `ATD_POKOK`,`p`.`ATD_BUNGA` AS `ATD_BUNGA`,`p`.`ATD_JUMLAH` AS `ATD_JUMLAH`,`p`.`AJT_POKOK` AS `AJT_POKOK`,`p`.`AJT_BUNGA` AS `AJT_BUNGA`,`p`.`AJT_JUMLAH` AS `AJT_JUMLAH`,`p`.`BAKI_AKHIR` AS `BAKI_AKHIR`,`p`.`CREATED_DATE` AS `CREATED_DATE`,`p`.`MODIFIED_DATE` AS `MODIFIED_DATE`,`ppt`.`PAYMENT_POINT_ID` AS `PAYMENT_POINT_ID`,`ppt`.`PAYMENT_POINT_NAME` AS `PAYMENT_POINT_NAME`,`ukj`.`UNIT_KERJA_ID` AS `UNIT_KERJA_ID`,`ukj`.`UNIT_KERJA_NAME` AS `UNIT_KERJA_NAME`,`cbg`.`CABANG_ID` AS `CABANG_ID`,`cbg`.`CABANG_NAME` AS `CABANG_NAME` from ((((`PAYMENT` `p` join `DEBITUR_VIEW` `deb`) join `PAYMENT_POINT` `ppt`) join `UNIT_KERJA` `ukj`) join `CABANG` `cbg`) where ((`p`.`DEBITUR_ID` = `deb`.`DEBITUR_ID`) and (`p`.`UNIT_KERJA_ID` = `ukj`.`UNIT_KERJA_ID`) and (`p`.`PAYMENT_POINT_ID` = `ppt`.`PAYMENT_POINT_ID`) and (`p`.`CABANG_ID` = `cbg`.`CABANG_ID`));

-- --------------------------------------------------------

--
-- Structure for view `PERMOHONAN_KREDIT_VIEW`
--
DROP TABLE IF EXISTS `PERMOHONAN_KREDIT_VIEW`;

CREATE ALGORITHM=UNDEFINED DEFINER=`root`@`localhost` SQL SECURITY DEFINER VIEW `PERMOHONAN_KREDIT_VIEW` AS select `pk`.`PERMOHONAN_KREDIT_ID` AS `PERMOHONAN_KREDIT_ID`,`pk`.`PERMOHONAN_KREDIT_NO` AS `PERMOHONAN_KREDIT_NO`,`pk`.`PERMOHONAN_KREDIT_STATUS` AS `PERMOHONAN_KREDIT_STATUS`,`pk`.`PERMOHONAN_KREDIT_NO_BUKU` AS `PERMOHONAN_KREDIT_NO_BUKU`,`pk`.`PERMOHONAN_KREDIT_PENGHASILAN` AS `PERMOHONAN_KREDIT_PENGHASILAN`,`pk`.`PERMOHONAN_KREDIT_PLAFOND` AS `PERMOHONAN_KREDIT_PLAFOND`,`pk`.`STATUS` AS `STATUS`,`pk`.`PERMOHONAN_KREDIT_JWAKTU` AS `PERMOHONAN_KREDIT_JWAKTU`,`pk`.`PERMOHONAN_KREDIT_SIFAT_BUNGA` AS `PERMOHONAN_KREDIT_SIFAT_BUNGA`,`pk`.`PERMOHONAN_KREDIT_SUKU_BUNGA` AS `PERMOHONAN_KREDIT_SUKU_BUNGA`,`pk`.`PERMOHONAN_KREDIT_POKOK` AS `PERMOHONAN_KREDIT_POKOK`,`pk`.`PERMOHONAN_KREDIT_BUNGA` AS `PERMOHONAN_KREDIT_BUNGA`,`pk`.`PERMOHONAN_KREDIT_ANGSURAN` AS `PERMOHONAN_KREDIT_ANGSURAN`,`pk`.`PERMOHONAN_KREDIT_CATATAN` AS `PERMOHONAN_KREDIT_CATATAN`,`pk`.`CREATED_DATE` AS `CREATED_DATE`,`pk`.`MODIFIED_DATE` AS `MODIFIED_DATE`,`cust`.`CUSTOMERS_NO_REG` AS `CUSTOMERS_NO_REG`,`cust`.`CUSTOMERS_ID` AS `CUSTOMERS_ID`,`cust`.`CUSTOMERS_NAME` AS `CUSTOMERS_NAME`,`cust`.`CUSTOMERS_ADDRESS` AS `CUSTOMERS_ADDRESS`,`cust`.`CUSTOMERS_NO_KTP` AS `CUSTOMERS_NO_KTP`,`cust`.`CUSTOMERS_PHONE` AS `CUSTOMERS_PHONE`,`cust`.`CUSTOMERS_BIRTHDATE` AS `CUSTOMERS_BIRTHDATE`,`cust`.`CUSTOMERS_NOPEN` AS `CUSTOMERS_NOPEN`,`cust`.`CUSTOMERS_COMPANY` AS `CUSTOMERS_COMPANY`,`cust`.`CUSTOMERS_COMPANY_ADDRESS` AS `CUSTOMERS_COMPANY_ADDRESS`,`cust`.`CUSTOMERS_COMPANY_PHONE` AS `CUSTOMERS_COMPANY_PHONE`,`cust`.`CUSTOMERS_COMPANY_POSITION` AS `CUSTOMERS_COMPANY_POSITION`,`cust`.`CUSTOMERS_REFERENCE_NAME` AS `CUSTOMERS_REFERENCE_NAME`,`cust`.`CUSTOMERS_REFERENCE_ADDRESS` AS `CUSTOMERS_REFERENCE_ADDRESS`,`cust`.`CUSTOMERS_REFERENCE_PHONE` AS `CUSTOMERS_REFERENCE_PHONE`,`cust`.`CUSTOMERS_REFERENCE_STATUS` AS `CUSTOMERS_REFERENCE_STATUS`,`ccat`.`KREDIT_CATEGORY_ID` AS `KREDIT_CATEGORY_ID`,`ccat`.`KREDIT_CATEGORY_NAME` AS `KREDIT_CATEGORY_NAME`,`dcat`.`DEBITUR_CATEGORY_ID` AS `DEBITUR_CATEGORY_ID`,`dcat`.`DEBITUR_CATEGORY_NAME` AS `DEBITUR_CATEGORY_NAME`,`ppt`.`PAYMENT_POINT_ID` AS `PAYMENT_POINT_ID`,`ppt`.`PAYMENT_POINT_NAME` AS `PAYMENT_POINT_NAME`,`ukj`.`UNIT_KERJA_ID` AS `UNIT_KERJA_ID`,`ukj`.`UNIT_KERJA_NAME` AS `UNIT_KERJA_NAME`,`cbg`.`CABANG_ID` AS `CABANG_ID`,`cbg`.`CABANG_NAME` AS `CABANG_NAME` from ((((((`PERMOHONAN_KREDIT` `pk` join `CUSTOMERS` `cust`) join `KREDIT_CATEGORY` `ccat`) join `DEBITUR_CATEGORY` `dcat`) join `PAYMENT_POINT` `ppt`) join `UNIT_KERJA` `ukj`) join `CABANG` `cbg`) where ((`pk`.`CUSTOMERS_ID` = `cust`.`CUSTOMERS_ID`) and (`pk`.`KREDIT_CATEGORY_ID` = `ccat`.`KREDIT_CATEGORY_ID`) and (`pk`.`DEBITUR_CATEGORY_ID` = `dcat`.`DEBITUR_CATEGORY_ID`) and (`pk`.`PAYMENT_POINT_ID` = `ppt`.`PAYMENT_POINT_ID`) and (`pk`.`UNIT_KERJA_ID` = `ukj`.`UNIT_KERJA_ID`) and (`pk`.`CABANG_ID` = `cbg`.`CABANG_ID`));

-- --------------------------------------------------------

--
-- Structure for view `REKENING_VIEW`
--
DROP TABLE IF EXISTS `REKENING_VIEW`;

CREATE ALGORITHM=UNDEFINED DEFINER=`root`@`localhost` SQL SECURITY DEFINER VIEW `REKENING_VIEW` AS select `A`.`UNIT_KERJA_ID` AS `UNIT_KERJA_ID`,`A`.`CABANG_ID` AS `CABANG_ID`,`A`.`PAYMENT_POINT_ID` AS `PAYMENT_POINT_ID`,`A`.`CUSTOMERS_ID` AS `CUSTOMERS_ID`,`A`.`CUSTOMERS_NO_REG` AS `CUSTOMERS_NO_REG`,`A`.`CUSTOMERS_NAME` AS `CUSTOMERS_NAME`,`A`.`CUSTOMERS_ADDRESS` AS `CUSTOMERS_ADDRESS`,`A`.`CUSTOMERS_NO_KTP` AS `CUSTOMERS_NO_KTP`,`A`.`CUSTOMERS_PHONE` AS `CUSTOMERS_PHONE`,`A`.`CUSTOMERS_BIRTHDATE` AS `CUSTOMERS_BIRTHDATE`,`A`.`CUSTOMERS_NOPEN` AS `CUSTOMERS_NOPEN`,`A`.`CUSTOMERS_COMPANY` AS `CUSTOMERS_COMPANY`,`A`.`CUSTOMERS_COMPANY_ADDRESS` AS `CUSTOMERS_COMPANY_ADDRESS`,`A`.`CUSTOMERS_COMPANY_PHONE` AS `CUSTOMERS_COMPANY_PHONE`,`A`.`CUSTOMERS_COMPANY_POSITION` AS `CUSTOMERS_COMPANY_POSITION`,`A`.`CUSTOMERS_REFERENCE_NAME` AS `CUSTOMERS_REFERENCE_NAME`,`A`.`CUSTOMERS_REFERENCE_ADDRESS` AS `CUSTOMERS_REFERENCE_ADDRESS`,`A`.`CUSTOMERS_REFERENCE_PHONE` AS `CUSTOMERS_REFERENCE_PHONE`,`A`.`CUSTOMERS_REFERENCE_STATUS` AS `CUSTOMERS_REFERENCE_STATUS`,`B`.`REKENING_ID` AS `REKENING_ID`,`B`.`REKENING_NO` AS `REKENING_NO`,`B`.`REKENING_NO_REF` AS `REKENING_NO_REF`,`B`.`REKENING_STATUS` AS `REKENING_STATUS`,`B`.`ENTRY_BY` AS `ENTRY_BY`,`B`.`CREATED_DATE` AS `CREATED_DATE`,`B`.`MODIFIED_DATE` AS `MODIFIED_DATE` from (`CUSTOMER_VIEW` `A` join `REKENING` `B`) where (`A`.`CUSTOMERS_ID` = `B`.`CUSTOMERS_ID`);

--
-- Constraints for dumped tables
--

--
-- Constraints for table `CUSTOMERS`
--
ALTER TABLE `CUSTOMERS`
  ADD CONSTRAINT `CUSTOMERS_ibfk_1` FOREIGN KEY (`UNIT_KERJA_ID`) REFERENCES `UNIT_KERJA` (`UNIT_KERJA_ID`) ON DELETE CASCADE ON UPDATE CASCADE,
  ADD CONSTRAINT `CUSTOMERS_ibfk_2` FOREIGN KEY (`CABANG_ID`) REFERENCES `CABANG` (`CABANG_ID`) ON DELETE CASCADE ON UPDATE CASCADE,
  ADD CONSTRAINT `CUSTOMERS_ibfk_3` FOREIGN KEY (`PAYMENT_POINT_ID`) REFERENCES `PAYMENT_POINT` (`PAYMENT_POINT_ID`) ON DELETE CASCADE ON UPDATE CASCADE;

--
-- Constraints for table `DEBITUR`
--
ALTER TABLE `DEBITUR`
  ADD CONSTRAINT `DEBITUR_ibfk_1` FOREIGN KEY (`CUSTOMERS_ID`) REFERENCES `CUSTOMERS` (`CUSTOMERS_ID`) ON DELETE CASCADE ON UPDATE CASCADE,
  ADD CONSTRAINT `DEBITUR_ibfk_2` FOREIGN KEY (`PERMOHONAN_KREDIT_ID`) REFERENCES `PERMOHONAN_KREDIT` (`PERMOHONAN_KREDIT_ID`) ON DELETE CASCADE ON UPDATE CASCADE;

--
-- Constraints for table `PAYMENT`
--
ALTER TABLE `PAYMENT`
  ADD CONSTRAINT `fk_CABANG_ID` FOREIGN KEY (`CABANG_ID`) REFERENCES `CABANG` (`CABANG_ID`) ON DELETE CASCADE ON UPDATE CASCADE,
  ADD CONSTRAINT `fk_PAYMENT_POINT_ID` FOREIGN KEY (`PAYMENT_POINT_ID`) REFERENCES `PAYMENT_POINT` (`PAYMENT_POINT_ID`) ON DELETE CASCADE ON UPDATE CASCADE,
  ADD CONSTRAINT `fk_UNIT_KERJA_ID` FOREIGN KEY (`UNIT_KERJA_ID`) REFERENCES `UNIT_KERJA` (`UNIT_KERJA_ID`) ON DELETE CASCADE ON UPDATE CASCADE,
  ADD CONSTRAINT `PAYMENT_ibfk_1` FOREIGN KEY (`DEBITUR_ID`) REFERENCES `DEBITUR` (`DEBITUR_ID`) ON DELETE CASCADE ON UPDATE CASCADE;

--
-- Constraints for table `PERMOHONAN_KREDIT`
--
ALTER TABLE `PERMOHONAN_KREDIT`
  ADD CONSTRAINT `PERMOHONAN_KREDIT_ibfk_1` FOREIGN KEY (`CUSTOMERS_ID`) REFERENCES `CUSTOMERS` (`CUSTOMERS_ID`) ON DELETE CASCADE ON UPDATE CASCADE,
  ADD CONSTRAINT `PERMOHONAN_KREDIT_ibfk_2` FOREIGN KEY (`KREDIT_CATEGORY_ID`) REFERENCES `KREDIT_CATEGORY` (`KREDIT_CATEGORY_ID`) ON DELETE CASCADE ON UPDATE CASCADE,
  ADD CONSTRAINT `PERMOHONAN_KREDIT_ibfk_3` FOREIGN KEY (`DEBITUR_CATEGORY_ID`) REFERENCES `DEBITUR_CATEGORY` (`DEBITUR_CATEGORY_ID`) ON DELETE CASCADE ON UPDATE CASCADE,
  ADD CONSTRAINT `PERMOHONAN_KREDIT_ibfk_4` FOREIGN KEY (`PAYMENT_POINT_ID`) REFERENCES `PAYMENT_POINT` (`PAYMENT_POINT_ID`) ON DELETE CASCADE ON UPDATE CASCADE,
  ADD CONSTRAINT `PERMOHONAN_KREDIT_ibfk_5` FOREIGN KEY (`UNIT_KERJA_ID`) REFERENCES `UNIT_KERJA` (`UNIT_KERJA_ID`) ON DELETE CASCADE ON UPDATE CASCADE,
  ADD CONSTRAINT `PERMOHONAN_KREDIT_ibfk_6` FOREIGN KEY (`CABANG_ID`) REFERENCES `CABANG` (`CABANG_ID`) ON DELETE CASCADE ON UPDATE CASCADE;

--
-- Constraints for table `PERMOHONAN_KREDIT_DUE_DATE`
--
ALTER TABLE `PERMOHONAN_KREDIT_DUE_DATE`
  ADD CONSTRAINT `PERMOHONAN_KREDIT_DUE_DATE_ibfk_1` FOREIGN KEY (`PERMOHONAN_KREDIT_ID`) REFERENCES `PERMOHONAN_KREDIT` (`PERMOHONAN_KREDIT_ID`) ON DELETE CASCADE ON UPDATE CASCADE;

--
-- Constraints for table `REKENING`
--
ALTER TABLE `REKENING`
  ADD CONSTRAINT `REKENING_ibfk_1` FOREIGN KEY (`CUSTOMERS_ID`) REFERENCES `CUSTOMERS` (`CUSTOMERS_ID`) ON DELETE CASCADE ON UPDATE CASCADE,
  ADD CONSTRAINT `REKENING_ibfk_2` FOREIGN KEY (`ENTRY_BY`) REFERENCES `USERS` (`USERNAME`) ON DELETE CASCADE ON UPDATE CASCADE;

--
-- Constraints for table `TAGIHAN_REGULER`
--
ALTER TABLE `TAGIHAN_REGULER`
  ADD CONSTRAINT `TAGIHAN_REGULER_ibfk_1` FOREIGN KEY (`DEBITUR_ID`) REFERENCES `DEBITUR` (`DEBITUR_ID`) ON DELETE CASCADE ON UPDATE CASCADE,
  ADD CONSTRAINT `TAGIHAN_REGULER_ibfk_2` FOREIGN KEY (`UNIT_KERJA_ID`) REFERENCES `UNIT_KERJA` (`UNIT_KERJA_ID`) ON DELETE CASCADE ON UPDATE CASCADE,
  ADD CONSTRAINT `TAGIHAN_REGULER_ibfk_3` FOREIGN KEY (`CABANG_ID`) REFERENCES `CABANG` (`CABANG_ID`) ON DELETE CASCADE ON UPDATE CASCADE;

/*!40101 SET CHARACTER_SET_CLIENT=@OLD_CHARACTER_SET_CLIENT */;
/*!40101 SET CHARACTER_SET_RESULTS=@OLD_CHARACTER_SET_RESULTS */;
/*!40101 SET COLLATION_CONNECTION=@OLD_COLLATION_CONNECTION */;
